method;numIt;instanceSize;avgNumOp;avgTime;avgMem;
BruteForce;5;10;6912.000000;0.000177;0.000000;
BruteForce;5;12;113061.000000;0.001586;0.000000;
BruteForce;5;14;95111.000000;0.014139;0.000000;
BruteForce;5;16;28506.000000;0.128471;0.000000;
BruteForce;5;18;20652.000000;1.143915;0.000000;
